Bond,Mr.,10,4.4,True
Bond,Mr.,10,4.4,True
Bond,Mr.,10,4.4,True
Bond,Mr.,10,4.4,True
Bond,Mr.,10,4.4,True
.,Ms,20,3.9,True
Bond,Mr.,10,4.4,True
Ms.Beevey,Ms,21,4.1,True
Bond,Mr.,10,4.4,True
Ms.HOHOHO,Ms,20,3.9,True
Bond,Mr.,10,4.4,True
Ms.G,Ms,21,3.6,True
Bond,Mr.,10,4.4,True
Ms.V,Ms,21,4.1,True
Bond,Mr.,10,4.4,True
MS.A,MS,20,3.6,True
Bond,Mr.,10,4.4,True
ms.h,ms,20,3.9,True
Bond,Mr.,10,4.4,True
Mr.F,Mr,20,3.6,True
Bond,Mr.,10,4.4,True
ms.bg,ms,21,4.1,True
Bond,Mr.,10,4.4,True
ms.d,ms,20,3.6,True
Bond,Mr.,10,4.4,True
Ms.T,Ms,20,3.6,True
